Advanced Muscular Therapy,Cambridge,All
Angela Bell Acupuncture,Cambridge,All
Atlantis Sports Club Cambridge,Cambridge,All
Beyond Fitness Pilates Studio,Cambridge,All
Advanced Muscular Therapy,Cambridge,All
Angela Bell Acupuncture,Cambridge,All
Atlantis Sports Club Cambridge,Cambridge,All
Beyond Fitness Pilates Studio,Cambridge,All
Body Zen Skin Care and Massage,Cambridge,All
Cambridge Athletic Club,Cambridge,All
Common Area Cleaning,Cambridge,All
CrossFit Medusa,Cambridge,All
Diosa,Cambridge,All
Extreme Dancesport,Cambridge,All
FitLab Pilates,Cambridge,All
"FT Cambridge, MA-073",Cambridge,All
Get in Shape for Women - Porter Square,Cambridge,All
Gray Mist,Cambridge,All
Healthworks Fitness Centers for Women,Cambridge,All
Karma Yoga Studio,Cambridge,All
Kundalini Yoga Boston,Cambridge,All
Majestic Yoga Studio,Cambridge,All
OM+namo yoga studio,Cambridge,All
Raw Fitness Performance,Cambridge,All
Rumba Y Timbal Dance Company,Cambridge,All
Shama Yoga - Cambridge,Cambridge,All
Soul.Train. A Mind & Body Fitness Studio,Cambridge,All
VIM Fitness Spa & Salon,Cambridge,All
Wu Dao Kung Fu and Tai Chi,Cambridge,All
Karma Yoga Studio,Cambridge,Yoga
Kundalini Yoga Boston,Cambridge,Yoga
Majestic Yoga Studio,Cambridge,Yoga
OM+namo yoga studio,Cambridge,Yoga
Shama Yoga - Cambridge,Cambridge,Yoga
Beyond Fitness Pilates Studio,Cambridge,Pilates
FitLab Pilates,Cambridge,Pilates
Atlantis Sports Club Cambridge,Cambridge,Health Club
Cambridge Athletic Club,Cambridge,Health Club
Healthworks Fitness Centers for Women,Cambridge,Health Club
Diosa,Cambridge,Dance
Extreme Dancesport,Cambridge,Dance
Rumba Y Timbal Dance Company,Cambridge,Dance
Wu Dao Kung Fu and Tai Chi,Cambridge,Martial Arts
Angela Bell Acupuncture,Cambridge,Wellness/Health Center
Common Area Cleaning,Cambridge,Other
Gray Mist,Cambridge,Other
Coolidge Corner Yoga,Brookline,Yoga
Modern Pilates,Brookline,Pilates
The Body Center,Brookline,Pilates
GymIt,Brookline,Health Club
The Brookline Ballet School,Brookline,Dance
The Studio: A Dance Center for Adults,Brookline,Dance
Florian Martial Arts Center,Brookline,Martial Arts
Absolute Yoga,Brookline/Cambridge,Yoga
Abundance of Peace,Brookline/Cambridge,Yoga
Advanced Health Massage and Yoga,Brookline/Cambridge,Yoga
Ageless Yoga,Brookline/Cambridge,Yoga
Akasha Studio,Brookline/Cambridge,Yoga
Alchemy Yoga,Brookline/Cambridge,Yoga
All One Yoga,Brookline/Cambridge,Yoga
Ananda Shanti Yoga,Brookline/Cambridge,Yoga
AndrewTYoga,Brookline/Cambridge,Yoga
Ashaya Yoga,Brookline/Cambridge,Yoga
Auburn Yoga & Pilates Center,Brookline/Cambridge,Yoga
Back Bay Yoga Studio,Brookline/Cambridge,Yoga
Balance Studio,Brookline/Cambridge,Yoga
Balance Yoga Studio,Brookline/Cambridge,Yoga
Baptiste Power Yoga,Brookline/Cambridge,Yoga
Barre & Soul,Brookline/Cambridge,Yoga
BCalm Power Yoga,Brookline/Cambridge,Yoga
Bikram Auburn,Brookline/Cambridge,Yoga
Bikram Stoughton,Brookline/Cambridge,Yoga
Bikram Yoga Binghamton,Brookline/Cambridge,Yoga
Bikram Yoga Burlington,Brookline/Cambridge,Yoga
Bikram Yoga Cape Cod,Brookline/Cambridge,Yoga
Bikram Yoga Danvers,Brookline/Cambridge,Yoga
Bikram Yoga Falmouth,Brookline/Cambridge,Yoga
Bikram Yoga Hudson,Brookline/Cambridge,Yoga
Bikram Yoga Merrimack Valley,Brookline/Cambridge,Yoga
Bikram Yoga Natick,Brookline/Cambridge,Yoga
Bikram Yoga Northampton,Brookline/Cambridge,Yoga
Bikram Yoga Quincy,Brookline/Cambridge,Yoga
Bikram Yoga Seacoast,Brookline/Cambridge,Yoga
Bikram Yoga Waverley,Brookline/Cambridge,Yoga
Black Crow Yoga,Brookline/Cambridge,Yoga
Blissful Monkey,Brookline/Cambridge,Yoga
Blooming Lotus Yoga,Brookline/Cambridge,Yoga
Borealis,Brookline/Cambridge,Yoga
Bow Street Yoga,Brookline/Cambridge,Yoga
Broga,Brookline/Cambridge,Yoga
Buddha Nest Yoga,Brookline/Cambridge,Yoga
Buddhaful Souls Yoga Studio,Brookline/Cambridge,Yoga
Centerville Yoga & Wellness Center,Brookline/Cambridge,Yoga
Central Mass Yoga and Wellness,Brookline/Cambridge,Yoga
Centre Yoga,Brookline/Cambridge,Yoga
Charlestown Yoga,Brookline/Cambridge,Yoga
Cognoscenti Yoga,Brookline/Cambridge,Yoga
Cohasset Yoga Center,Brookline/Cambridge,Yoga
Constant Contact,Brookline/Cambridge,Yoga
Coolidge Corner Yoga,Brookline/Cambridge,Yoga
Dancing Crow Yoga,Brookline/Cambridge,Yoga
Dharma Yoga Nantucket,Brookline/Cambridge,Yoga
Dhira Yoga Center,Brookline/Cambridge,Yoga
Discover the Wonders Yoga,Brookline/Cambridge,Yoga
Divine Power Yoga,Brookline/Cambridge,Yoga
Down Under Yoga,Brookline/Cambridge,Yoga
Emerald Yoga Studio,Brookline/Cambridge,Yoga
Emily Masnoon : Yoga | Reiki | Doula,Brookline/Cambridge,Yoga
Exhale Boston,Brookline/Cambridge,Yoga
Find Your Balance Yoga,Brookline/Cambridge,Yoga
Firefly Yoga,Brookline/Cambridge,Yoga
Fit Studio28,Brookline/Cambridge,Yoga
Franklin Yoga & Wellness,Brookline/Cambridge,Yoga
AMC Pilates Studios,Brookline/Cambridge,Pilates
Beyond Fitness Pilates Studio,Brookline/Cambridge,Pilates
Body in Motion,Brookline/Cambridge,Pilates
Bodylines Pilates,Brookline/Cambridge,Pilates
Boston Body,Brookline/Cambridge,Pilates
Boston Pilates,Brookline/Cambridge,Pilates
Btone Fitness,Brookline/Cambridge,Pilates
Btone Fitness Lexington,Brookline/Cambridge,Pilates
ClubXcel/Northeast Pilates,Brookline/Cambridge,Pilates
Core,Brookline/Cambridge,Pilates
Core Balance,Brookline/Cambridge,Pilates
Core De Vie,Brookline/Cambridge,Pilates
Duxbury Pilates,Brookline/Cambridge,Pilates
Easton Pilates Studio,Brookline/Cambridge,Pilates
Endurance Pilates and Yoga,Brookline/Cambridge,Pilates
Energy Within Studio,Brookline/Cambridge,Pilates
Engage Your Core Pilates,Brookline/Cambridge,Pilates
Equinox Pilates - Boston,Brookline/Cambridge,Pilates
Every Body Fitness Pilates,Brookline/Cambridge,Pilates
Evolution Mind & Body,Brookline/Cambridge,Pilates
FitLab Pilates,Brookline/Cambridge,Pilates
Fitness Directions,Brookline/Cambridge,Pilates
H.Y.P. Studio,Brookline/Cambridge,Pilates
Healthy Changes Pilates,Brookline/Cambridge,Pilates
Heart Core Fitness Studio,Brookline/Cambridge,Pilates
IMX Pilates - MA,Brookline/Cambridge,Pilates
Joe's Place - True Pilates,Brookline/Cambridge,Pilates
Kiki Pilates,Brookline/Cambridge,Pilates
Liquid Movement Center,Brookline/Cambridge,Pilates
Mind In Motion,Brookline/Cambridge,Pilates
Modern Barre,Brookline/Cambridge,Pilates
Modern Pilates,Brookline/Cambridge,Pilates
My Pilates,Brookline/Cambridge,Pilates
OMBE,Brookline/Cambridge,Pilates
Oxygen Mind and Body,Brookline/Cambridge,Pilates
Passport Pilates - North Andover,Brookline/Cambridge,Pilates
Perfect Fit Pilates,Brookline/Cambridge,Pilates
Perfect Form Fitness,Brookline/Cambridge,Pilates
Performance Pilates and Yoga,Brookline/Cambridge,Pilates
Pilates Back Bay,Brookline/Cambridge,Pilates
Pilates Plus of Cape Cod,Brookline/Cambridge,Pilates
Port Pilates Studio,Brookline/Cambridge,Pilates
Precision Pilates,Brookline/Cambridge,Pilates
Shawn's Studio,Brookline/Cambridge,Pilates
Shelia Donovan Pilates Studio,Brookline/Cambridge,Pilates
SHRED,Brookline/Cambridge,Pilates
Smartbody Movement,Brookline/Cambridge,Pilates
Strength and Clarity Pilates Yoga-Movement Studio,Brookline/Cambridge,Pilates
Studio 13,Brookline/Cambridge,Pilates
Swell Body and Boutique,Brookline/Cambridge,Pilates
Taj Pilates,Brookline/Cambridge,Pilates
The Body Center,Brookline/Cambridge,Pilates
The Pilates School,Brookline/Cambridge,Pilates
The Pilates Studio,Brookline/Cambridge,Pilates
Vineyard Pilates Center,Brookline/Cambridge,Pilates
Anytime Fitness Easton MA,Brookline/Cambridge,Health Club
Atlantis Sports Club Bedford,Brookline/Cambridge,Health Club
Atlantis Sports Club Cambridge,Brookline/Cambridge,Health Club
Atlantis Sports Club Danvers,Brookline/Cambridge,Health Club
Atlantis Sports Club Holbrook,Brookline/Cambridge,Health Club
Atlantis Sports Clubs Braintree,Brookline/Cambridge,Health Club
Atlantis Sports Clubs Hyannis,Brookline/Cambridge,Health Club
Beverly Athletic Club,Brookline/Cambridge,Health Club
Bodyscapes Fitness - Hingham,Brookline/Cambridge,Health Club
Cambridge Athletic Club,Brookline/Cambridge,Health Club
Commonwealth Sports Club,Brookline/Cambridge,Health Club
Elite Health and Fitness Center,Brookline/Cambridge,Health Club
Fisique Fitness,Brookline/Cambridge,Health Club
Fit Results,Brookline/Cambridge,Health Club
GymIt,Brookline/Cambridge,Health Club
Healthworks Fitness Centers for Women,Brookline/Cambridge,Health Club
Latitude Sports Clubs,Brookline/Cambridge,Health Club
Nantucket Health Club,Brookline/Cambridge,Health Club
Plymouth Fitness,Brookline/Cambridge,Health Club
The Club,Brookline/Cambridge,Health Club
The Nantucket Hotel,Brookline/Cambridge,Health Club
Worcester Fitness,Brookline/Cambridge,Health Club
Yang's Fitness Center,Brookline/Cambridge,Health Club
Avalon Dance & Fitness,Brookline/Cambridge,Dance
Ballroom in Boston,Brookline/Cambridge,Dance
CAT Studio,Brookline/Cambridge,Dance
Central Mass Dance Academy,Brookline/Cambridge,Dance
ClubWest Dance Studio,Brookline/Cambridge,Dance
Dance Fever,Brookline/Cambridge,Dance
Dance Republic,Brookline/Cambridge,Dance
DanceFIT Studio,Brookline/Cambridge,Dance
DanceSport Academy of New England,Brookline/Cambridge,Dance
Dancing Arts Academy,Brookline/Cambridge,Dance
Diosa,Brookline/Cambridge,Dance
Extreme Dancesport,Brookline/Cambridge,Dance
Firebeat Dancesport Studios,Brookline/Cambridge,Dance
Harney Academy,Brookline/Cambridge,Dance
iDance Boston,Brookline/Cambridge,Dance
John Nigro Dance,Brookline/Cambridge,Dance
Kadanse,Brookline/Cambridge,Dance
Leven Institute for Expressive Movement,Brookline/Cambridge,Dance
LHQ Danceforce,Brookline/Cambridge,Dance
Masacote Entertainment,Brookline/Cambridge,Dance
Nancy Chippendale's Dance Studios,Brookline/Cambridge,Dance
NRG Productions,Brookline/Cambridge,Dance
Rumba Y Timbal Dance Company,Brookline/Cambridge,Dance
Somatic Movement Center,Brookline/Cambridge,Dance
Star Dance School,Brookline/Cambridge,Dance
Studio 665,Brookline/Cambridge,Dance
SuperShag Dance Studios,Brookline/Cambridge,Dance
The Brookline Ballet School,Brookline/Cambridge,Dance
The Performing Arts Connection,Brookline/Cambridge,Dance
The Studio: A Dance Center for Adults,Brookline/Cambridge,Dance
a.b. fit,Brookline/Cambridge,Personal Trainer
Achieve Fitness,Brookline/Cambridge,Personal Trainer
AIM Fitness,Brookline/Cambridge,Personal Trainer
Aistear Fitness,Brookline/Cambridge,Personal Trainer
ATC Center,Brookline/Cambridge,Personal Trainer
Attain Therapy + Fitness,Brookline/Cambridge,Personal Trainer
Avalon CrossFit,Brookline/Cambridge,Personal Trainer
BelaBody Fitness,Brookline/Cambridge,Personal Trainer
Body Ambition,Brookline/Cambridge,Personal Trainer
Boston's Bootcamps,Brookline/Cambridge,Personal Trainer
Burn Fitness Studios,Brookline/Cambridge,Personal Trainer
Conca Sport And Fitness,Brookline/Cambridge,Personal Trainer
Continuum Performance Center‎,Brookline/Cambridge,Personal Trainer
Cutting Edge Fitness,Brookline/Cambridge,Personal Trainer
Dynamic Training,Brookline/Cambridge,Personal Trainer
Femme Fitale,Brookline/Cambridge,Personal Trainer
FLX Training,Brookline/Cambridge,Personal Trainer
Forever Fit,Brookline/Cambridge,Personal Trainer
Frank Nash Training Systems,Brookline/Cambridge,Personal Trainer
"FT Beverly, MA-013",Brookline/Cambridge,Personal Trainer
"FT Weston/Waltham, MA-020",Brookline/Cambridge,Personal Trainer
Game Time Training,Brookline/Cambridge,Personal Trainer
Gordon Fitness,Brookline/Cambridge,Personal Trainer
Health Forever,Brookline/Cambridge,Personal Trainer
Insync Massage & Fitness,Brookline/Cambridge,Personal Trainer
Intense Physique,Brookline/Cambridge,Personal Trainer
Iron Body Studios,Brookline/Cambridge,Personal Trainer
Jason Krawczyk,Brookline/Cambridge,Personal Trainer
Jonas Health,Brookline/Cambridge,Personal Trainer
"Life in Synergy, Inc.",Brookline/Cambridge,Personal Trainer
MBX Training,Brookline/Cambridge,Personal Trainer
Mint Fitness & Conditioning,Brookline/Cambridge,Personal Trainer
Mobile Fitness Systems,Brookline/Cambridge,Personal Trainer
NutFit,Brookline/Cambridge,Personal Trainer
NV Personal Training,Brookline/Cambridge,Personal Trainer
Off the Wall Personal Training,Brookline/Cambridge,Personal Trainer
On The Hill Fitness,Brookline/Cambridge,Personal Trainer
One More Rep Personal Fitness Training,Brookline/Cambridge,Personal Trainer
Original Body Design,Brookline/Cambridge,Personal Trainer
Paramount performance and rehab,Brookline/Cambridge,Personal Trainer
Personal Training International,Brookline/Cambridge,Personal Trainer
RayFit Personal Training,Brookline/Cambridge,Personal Trainer
Sculpt Weston,Brookline/Cambridge,Personal Trainer
Sculptor at Strength,Brookline/Cambridge,Personal Trainer
Sheehan Personal Training,Brookline/Cambridge,Personal Trainer
SKILL OF STRENGTH,Brookline/Cambridge,Personal Trainer
Snap Fitness Easthampton,Brookline/Cambridge,Personal Trainer
The Movement Project,Brookline/Cambridge,Personal Trainer
The Sweatshop,Brookline/Cambridge,Personal Trainer
Vantedge Performance,Brookline/Cambridge,Personal Trainer
Vitality Personal Fitness Inc.,Brookline/Cambridge,Personal Trainer
Daniel Gracies Cape Cod Academy,Brookline/Cambridge,Martial Arts
Davis Square Martial Arts,Brookline/Cambridge,Martial Arts
Excel Studios,Brookline/Cambridge,Martial Arts
Fenix Fight Club,Brookline/Cambridge,Martial Arts
Florian Martial Arts Center,Brookline/Cambridge,Martial Arts
Giorgio Fit,Brookline/Cambridge,Martial Arts
Guard Up,Brookline/Cambridge,Martial Arts
Holden Karate Studio,Brookline/Cambridge,Martial Arts
KICK,Brookline/Cambridge,Martial Arts
Krav Maga New Bedford,Brookline/Cambridge,Martial Arts
Lauzon Mixed Martial Arts,Brookline/Cambridge,Martial Arts
Mat Monsters Academy,Brookline/Cambridge,Martial Arts
Middleton Karate Academy and Fitness,Brookline/Cambridge,Martial Arts
"Moncreaff's Martial Arts, Yoga and Fitness",Brookline/Cambridge,Martial Arts
New England Self Defense NESD,Brookline/Cambridge,Martial Arts
Next Generation Martial Arts,Brookline/Cambridge,Martial Arts
Nonantum Boxing Club,Brookline/Cambridge,Martial Arts
Nor'easter Martial Arts and Fitness,Brookline/Cambridge,Martial Arts
North Shore Muay Thai Academy,Brookline/Cambridge,Martial Arts
Redline Fight Sports,Brookline/Cambridge,Martial Arts
Seacoast Tai-Chi Institute,Brookline/Cambridge,Martial Arts
Shobu Aikido,Brookline/Cambridge,Martial Arts
SitSuphan South,Brookline/Cambridge,Martial Arts
Tokyo Joe's Studios of Self Defense,Brookline/Cambridge,Martial Arts
Trifecta,Brookline/Cambridge,Martial Arts
USMMA,Brookline/Cambridge,Martial Arts
Wai Kru,Brookline/Cambridge,Martial Arts
Wai Kru South Shore,Brookline/Cambridge,Martial Arts
Worcester Martial Arts Academy,Brookline/Cambridge,Martial Arts
Worcester Mixed Martial Arts,Brookline/Cambridge,Martial Arts
Wu Dao Kung Fu and Tai Chi,Brookline/Cambridge,Martial Arts
Xtreme Ninja Martial Arts Center,Brookline/Cambridge,Martial Arts
360 NeuroMuscular Therapy,Brookline/Cambridge,Wellness/Health Center
4 Better Health,Brookline/Cambridge,Wellness/Health Center
Acupuncture Connections,Brookline/Cambridge,Wellness/Health Center
Acupuncture Connections,Brookline/Cambridge,Wellness/Health Center
Acupuncture Family Care,Brookline/Cambridge,Wellness/Health Center
Advanced Health & Wellness,Brookline/Cambridge,Wellness/Health Center
Ageless Body Sculpting,Brookline/Cambridge,Wellness/Health Center
Alantra Spa,Brookline/Cambridge,Wellness/Health Center
Angela Bell Acupuncture,Brookline/Cambridge,Wellness/Health Center
Authentic Body,Brookline/Cambridge,Wellness/Health Center
AYN Wellness,Brookline/Cambridge,Wellness/Health Center
B In Touch Massage Therapy,Brookline/Cambridge,Wellness/Health Center
Baystate Therapy ,Brookline/Cambridge,Wellness/Health Center
Be Well Studios,Brookline/Cambridge,Wellness/Health Center
Bliss Body Wellness,Brookline/Cambridge,Wellness/Health Center
Blue Heron Acupuncture,Brookline/Cambridge,Wellness/Health Center
BlueFern Massage Therapy,Brookline/Cambridge,Wellness/Health Center
Body Balancing Center LLC,Brookline/Cambridge,Wellness/Health Center
Body by Design Weight Loss Center,Brookline/Cambridge,Wellness/Health Center
Body Restoration Therapeutic Massage,Brookline/Cambridge,Wellness/Health Center
Body Therapeutics,Brookline/Cambridge,Wellness/Health Center
BoomerFit Cape Cod,Brookline/Cambridge,Wellness/Health Center
Boston Baby Beginnings,Brookline/Cambridge,Wellness/Health Center
Breathe Wellness,Brookline/Cambridge,Wellness/Health Center
Cabral Wellness Institute,Brookline/Cambridge,Wellness/Health Center
Charles River Gyrotonic,Brookline/Cambridge,Wellness/Health Center
Chelmsford Wellness Center,Brookline/Cambridge,Wellness/Health Center
Cindy Crowninshield,Brookline/Cambridge,Wellness/Health Center
CLINIC Alternative Medicines,Brookline/Cambridge,Wellness/Health Center
Concord Center Acupuncture,Brookline/Cambridge,Wellness/Health Center
Conrad Hanno LMT,Brookline/Cambridge,Wellness/Health Center
Cutting Edge Wellness,Brookline/Cambridge,Wellness/Health Center
Dr. Nicole K. Andrade,Brookline/Cambridge,Wellness/Health Center
East West Massage Therapy,Brookline/Cambridge,Wellness/Health Center
Egoscue Boston,Brookline/Cambridge,Wellness/Health Center
Elite Therapeutic Massage,Brookline/Cambridge,Wellness/Health Center
Eternal Balance,Brookline/Cambridge,Wellness/Health Center
Family Acupuncture & Herbs of Reading,Brookline/Cambridge,Wellness/Health Center
Five Points Acupuncture and Wellness,Brookline/Cambridge,Wellness/Health Center
Forever Slender,Brookline/Cambridge,Wellness/Health Center
Genius Of Flexibility,Brookline/Cambridge,Wellness/Health Center
Harmony Barre + Healing,Brookline/Cambridge,Wellness/Health Center
Hearts and Minds,Brookline/Cambridge,Wellness/Health Center
Ideal Wellness LLC,Brookline/Cambridge,Wellness/Health Center
Indigo International,Brookline/Cambridge,Wellness/Health Center
Inner Health Colon Hydrotherapy,Brookline/Cambridge,Wellness/Health Center
Inspired Release,Brookline/Cambridge,Wellness/Health Center
Integr8 Massachusetts,Brookline/Cambridge,Wellness/Health Center
ISIS Holistic Clinic,Brookline/Cambridge,Wellness/Health Center
John Davis Therapeutic Massage,Brookline/Cambridge,Wellness/Health Center
JP's Massage,Brookline/Cambridge,Wellness/Health Center
Julie Starr-Wood Nutrition,Brookline/Cambridge,Wellness/Health Center
KenkoDo,Brookline/Cambridge,Wellness/Health Center
LaRose Muscular Therapy,Brookline/Cambridge,Wellness/Health Center
Live Wild,Brookline/Cambridge,Wellness/Health Center
Livingwell Affiliated Health Professionals,Brookline/Cambridge,Wellness/Health Center
Massage at Hall Family Chiropractic,Brookline/Cambridge,Wellness/Health Center
Massage with Jennifer,Brookline/Cambridge,Wellness/Health Center
Med Skin Deep,Brookline/Cambridge,Wellness/Health Center
Melrose Boot Camp,Brookline/Cambridge,Wellness/Health Center
Moksha Spa and Wellness ctr/Moksha Power Yoga,Brookline/Cambridge,Wellness/Health Center
More to Life Body & Spirit Wellness,Brookline/Cambridge,Wellness/Health Center
New England Acupuncture and Oriental Herbal Services - Arlington,Brookline/Cambridge,Wellness/Health Center
New England Community Acupuncture,Brookline/Cambridge,Wellness/Health Center
New England Community Acupuncture - Stoneham,Brookline/Cambridge,Wellness/Health Center
Nourish Health With Food For Life,Brookline/Cambridge,Wellness/Health Center
Open Doors & Open Doors Yoga Studios,Brookline/Cambridge,Wellness/Health Center
Pain Management Center,Brookline/Cambridge,Wellness/Health Center
Ptown Massage + Bodywork,Brookline/Cambridge,Wellness/Health Center
Revolution Community Yoga,Brookline/Cambridge,Wellness/Health Center
Sanctuary Studios,Brookline/Cambridge,Wellness/Health Center
SetPoint Health,Brookline/Cambridge,Wellness/Health Center
Simply Soothing Sanctuary,Brookline/Cambridge,Wellness/Health Center
Skills for Living,Brookline/Cambridge,Wellness/Health Center
TB12 Sports Therapy Center,Brookline/Cambridge,Wellness/Health Center
The Abbott Center,Brookline/Cambridge,Wellness/Health Center
The Boston Bodyworker,Brookline/Cambridge,Wellness/Health Center
The Healing ZONE Therapeutic Massage,Brookline/Cambridge,Wellness/Health Center
The Masjah Center,Brookline/Cambridge,Wellness/Health Center
The Rolf Studio,Brookline/Cambridge,Wellness/Health Center
The Summana Center for Healing,Brookline/Cambridge,Wellness/Health Center
Total Transformation Health & Fitness,Brookline/Cambridge,Wellness/Health Center
Tranquil Souls,Brookline/Cambridge,Wellness/Health Center
Web Wellness Therapeutic Message,Brookline/Cambridge,Wellness/Health Center
Wellness Guides,Brookline/Cambridge,Wellness/Health Center
Zen Zone Acupuncture and Spa,Brookline/Cambridge,Wellness/Health Center
AirCraft Aerial Arts,Brookline/Cambridge,Other
Aloha Boston Massage,Brookline/Cambridge,Other
"Approach Test preparation Center, Inc.",Brookline/Cambridge,Other
Art School 99,Brookline/Cambridge,Other
Awesome Fit & South Coast Chiropractic,Brookline/Cambridge,Other
ColoresKids,Brookline/Cambridge,Other
Common Area Cleaning,Brookline/Cambridge,Other
Compass Education,Brookline/Cambridge,Other
D and D Painting,Brookline/Cambridge,Other
Frisky Lemon Nutrition,Brookline/Cambridge,Other
Gray Mist,Brookline/Cambridge,Other
Guibas Music School,Brookline/Cambridge,Other
Host Group Real Estate Academy,Brookline/Cambridge,Other
Jack's Guitar Garage,Brookline/Cambridge,Other
MJ's Pet Training Academy,Brookline/Cambridge,Other
Music House School and Performance,Brookline/Cambridge,Other
Needham Music,Brookline/Cambridge,Other
North Gate Farm,Brookline/Cambridge,Other
Nubodi Massage,Brookline/Cambridge,Other
Table To Go 2,Brookline/Cambridge,Other
Tax Time,Brookline/Cambridge,Other
The Arbors Kids,Brookline/Cambridge,Other
The Canine Joint LLC,Brookline/Cambridge,Other
The Dog Digs,Brookline/Cambridge,Other
The Key Hypnosis ®,Brookline/Cambridge,Other
The Musical Suite/Zach Field Drum Studios,Brookline/Cambridge,Other
The Real School of Music,Brookline/Cambridge,Other
"Tonal Rehabilitation & Pilates, LLC",Brookline/Cambridge,Other
Train Boston,Brookline/Cambridge,Other
Whole Music,Brookline/Cambridge,Other
Witch City Ink/Lightwave Tattoos,Brookline/Cambridge,Other
Zen Dog Training,Brookline/Cambridge,Other
AirCraft Aerial Arts,Somverville,All
Zen Dog Training,Somverville,All
Bow Street Yoga,Somverville,Yoga
Emily Masnoon : Yoga | Reiki | Doula,Somverville,Yoga
O2 Yoga Studio,Somverville,Yoga
Samara Yoga,Somverville,Yoga
Achieve Fitness,Somverville,Personal Trainer
Health Forever,Somverville,Personal Trainer
Davis Square Martial Arts,Somverville,Martial Arts
Shobu Aikido,Somverville,Martial Arts
BlueFern Massage Therapy,Somverville,Wellness/Health Center
KenkoDo,Somverville,Wellness/Health Center
AirCraft Aerial Arts,Somverville,Other
Zen Dog Training,Somverville,Other
"Approach Test preparation Center, Inc.",Allston,All
Art School 99,Allston,All
All One Yoga,Allston,Yoga
Commonwealth Sports Club,Allston,Health Club
Firebeat Dancesport Studios,Allston,Dance
Star Dance School,Allston,Dance
Wai Kru,Allston,Martial Arts
Charles River Gyrotonic,Allston,Wellness/Health Center
"Approach Test preparation Center, Inc.",Allston,Other
Art School 99,Allston,Other
The Dog Digs,Jamica Plains,All
Blissful Monkey,Jamica Plains,Yoga
JP Centre Yoga,Jamica Plains,Yoga
Boston Pilates,Jamica Plains,Pilates
The Dog Digs,Jamica Plains,Other
South Boston Yoga,South Boston,Yoga
Charlestown Yoga,Charlestown,Yoga
The Yoga Room,Charlestown,Yoga
Swell Body and Boutique,Charlestown,Pilates
Avalon CrossFit,Charlestown,Personal Trainer
Avalon CrossFit,Charlestown,All
Charlestown Cycling Club,Charlestown,All
Charlestown Yoga,Charlestown,All
Dare U Fitness,Charlestown,All
Swell Body and Boutique,Charlestown,All
The Yoga Room,Charlestown,All
Charlestown Yoga,Charlestown,Yoga
The Yoga Room,Charlestown,Yoga
Swell Body and Boutique,Charlestown,Pilates
Avalon CrossFit,Charlestown,Personal Trainer
Modern Barre,Chestnut Hill,Pilates
My First Yoga Studios,Newton,Yoga
Prana Power Yoga,Newton,Yoga
Dance Fever,Newton,Dance
John Nigro Dance,Newton,Dance
NRG Productions,Newton,Dance
Paramount performance and rehab,Newton,Personal Trainer
Vitality Personal Fitness Inc.,Newton,Personal Trainer
Nonantum Boxing Club,Newton,Martial Arts
East West Massage Therapy,Newton,Wellness/Health Center
Med Skin Deep,Newton,Wellness/Health Center
Cutting Edge Fitness,Newton,Personal Trainer
Down Under Yoga,Newton,Yoga
Frisky Lemon Nutrition,Medford,All
Borealis,Medford,Yoga
The Corner Studio Yoga Wellness and Balance,Medford,Yoga
Mind In Motion,Medford,Pilates
Insync Massage & Fitness,Medford,Personal Trainer
Xtreme Ninja Martial Arts Center,Medford,Martial Arts
Frisky Lemon Nutrition,Medford,Other
ColoresKids,Natick,All
Bikram Yoga Natick,Natick,Yoga
Total Transformation Health & Fitness,Natick,Wellness/Health Center
ColoresKids,Natick,Other
"Inner Strength, INC",Watertown,Yoga
Underground Studios,Watertown,Yoga
Shawn's Studio,Watertown,Pilates
Forever Fit,Watertown,Personal Trainer
Off the Wall Personal Training,Watertown,Personal Trainer
Train Boston,Wellesley,All
Body in Motion,Wellesley,Pilates
FLX Training,Wellesley,Personal Trainer
Wellness Guides,Wellesley,Wellness/Health Center
Train Boston,Wellesley,Other
Dance Republic,Wellesley,Dance
Needham Music,Needham,All
AndrewTYoga,Needham,Yoga
H.Y.P. Studio,Needham,Pilates
a.b. fit,Needham,Personal Trainer
Iron Body Studios,Needham,Personal Trainer
360 NeuroMuscular Therapy,Needham,Wellness/Health Center
B In Touch Massage Therapy,Needham,Wellness/Health Center
SetPoint Health,Needham,Wellness/Health Center
Needham Music,Needham,Other
Baystate Therapy ,Needham,Wellness/Health Center
